,Name,Available Since,German Price,Netherlands Price,UnitedKingdom Price,Battery,0-100,Top Speed,Range,Efficiency,Fast Charge,Towing,Seats
320,Tesla Model Y Long Range Dual Motor,Available since February 2022,"€59,017","€54,993","£52,990",75,5.0 sec,217 km/h,435 km,172 Wh/km,670 km/h,1600,5
319,Tesla Model Y Long Range Dual Motor,Available since February 2022,"€59,017","€54,993","£52,990",75,5.0 sec,217 km/h,435 km,172 Wh/km,670 km/h,1600,5
318,Tesla Model 3 ,Available since December 2021,"€44,668","€42,993","£42,990",57.5,6.1 sec,225 km/h,405 km,142 Wh/km,680 km/h,1000,5
317,Tesla Model 3 Long Range Dual Motor,Available since November 2021,"€53,668","€50,993","£50,990",75,4.4 sec,233 km/h,485 km,155 Wh/km,750 km/h,1000,5
316,Tesla Model Y ,Available since November 2022,"€47,567","€47,993","£44,990",57.5,6.9 sec,217 km/h,345 km,167 Wh/km,580 km/h,1600,5
315,BYD ATTO 3 ,Available since August 2022,"€44,625","€42,998","£36,490",60,7.3 sec,160 km/h,320 km,188 Wh/km,370 km/h,,5
314,BMW i4 eDrive40,Available since November 2021,"€59,200","€65,291","£57,890",80.7,5.7 sec,190 km/h,515 km,157 Wh/km,800 km/h,1600,5
313,MG MG4 Electric 64 kWh,Available since October 2022,"€39,990","€35,785","£29,495",61.7,7.9 sec,160 km/h,370 km,167 Wh/km,450 km/h,500,5
312,Volkswagen ID. Buzz Pro,Available since September 2022,"€64,581","€64,790","£57,115",77,10.2 sec,145 km/h,340 km,226 Wh/km,470 km/h,1000,5
311,BYD HAN ,Available since March 2023,"€70,805","€71,490",N/A,83,3.9 sec,180 km/h,465 km,178 Wh/km,450 km/h,,5
310,Tesla Model S Plaid,Available since November 2022,"€130,490","€130,993","* £115,000",95,2.1 sec,282 km/h,560 km,170 Wh/km,780 km/h,1600,5
309,Tesla Model Y Performance,Available since March 2022,"€63,667","€60,993","£59,990",75,3.7 sec,250 km/h,415 km,181 Wh/km,640 km/h,1600,5
308,BMW iX1 xDrive30,Available since November 2022,"€55,000","€57,850","£52,255",64.7,5.6 sec,180 km/h,370 km,175 Wh/km,530 km/h,1200,5
307,Kia Niro EV ,Available since June 2022,"€47,590","€44,795","£36,795",64.8,7.8 sec,167 km/h,385 km,168 Wh/km,390 km/h,750,5
306,BMW iX xDrive40,Available since October 2021,"€77,300","€84,998","£69,905",71,6.1 sec,200 km/h,360 km,197 Wh/km,480 km/h,2500,5
305,Mercedes EQS 450+,Available since October 2021,"€109,551","€109,090","£105,610",107.8,6.2 sec,210 km/h,635 km,170 Wh/km,950 km/h,750,5
304,Hyundai IONIQ 5 Long Range 2WD,Available since April 2022,"€47,900","€52,895","£46,650",74,7.3 sec,185 km/h,390 km,190 Wh/km,1020 km/h,1600,5
303,Tesla Model S Dual Motor,Available since January 2023,"€105,490","€108,493","* £96,000",95,3.2 sec,250 km/h,575 km,165 Wh/km,800 km/h,1600,5
302,Mercedes EQE 350+,Available since April 2022,N/A,"€82,028",N/A,90.6,6.4 sec,210 km/h,525 km,173 Wh/km,780 km/h,750,5
301,Skoda Enyaq iV 80,Available since April 2021,"€48,900","€53,990","£42,925",77,8.6 sec,160 km/h,435 km,177 Wh/km,550 km/h,1000,5
300,Tesla Model 3 Performance,Available since February 2022,"€57,668","€54,993","£57,990",75,3.3 sec,261 km/h,460 km,163 Wh/km,710 km/h,,5
299,BYD TANG ,Available since August 2022,"€71,400","€73,300",N/A,84,4.6 sec,180 km/h,350 km,240 Wh/km,330 km/h,1500,7
298,BMW i7 xDrive60,Available since November 2022,"€139,900","€145,453","£113,970",101.7,4.7 sec,240 km/h,510 km,199 Wh/km,760 km/h,2000,5
297,Kia EV6 GT,Available since April 2022,"€72,990","€69,295","£62,645",74,3.5 sec,260 km/h,370 km,200 Wh/km,970 km/h,1800,5
296,Toyota bZ4X FWD,Available since June 2022,"€47,490","€52,995","£45,710",64,7.5 sec,160 km/h,340 km,188 Wh/km,510 km/h,750,5
295,Audi Q8 e-tron 55 quattro,Available since December 2022,"€85,300","€82,985","£77,800",106,5.6 sec,200 km/h,495 km,214 Wh/km,670 km/h,1800,5
294,BMW i4 M50,Available since November 2021,"€70,800","€77,875","£71,085",80.7,3.9 sec,225 km/h,450 km,179 Wh/km,700 km/h,1600,5
293,BMW i4 eDrive35,Available since November 2022,"€56,500","€59,362","£49,995",67,6.0 sec,190 km/h,430 km,156 Wh/km,580 km/h,1600,5
292,Hyundai Kona Electric 64 kWh,Available since June 2021,"€42,900","€41,995","£37,750",64,7.9 sec,167 km/h,395 km,162 Wh/km,370 km/h,300,5
291,BMW iX M60,Available since April 2022,"€136,100","€140,671","£119,225",105.2,3.8 sec,250 km/h,485 km,217 Wh/km,650 km/h,2500,5
290,Dacia Spring Electric 45,Available since July 2022,"€22,550","€21,750",N/A,25,19.1 sec,125 km/h,165 km,152 Wh/km,180 km/h,,4
289,Smart #1 ,Available since March 2023,"€42,490","€41,395","* £35,000",62,6.7 sec,180 km/h,330 km,188 Wh/km,510 km/h,1600,5
288,BMW iX3 ,Available since September 2021,"€67,300","€71,462","£64,165",74,6.8 sec,180 km/h,385 km,192 Wh/km,520 km/h,750,5
287,Audi Q4 e-tron 40,Available since June 2021,"€51,900","€59,415","£49,930",76.6,8.5 sec,160 km/h,405 km,189 Wh/km,510 km/h,1000,5
286,BMW iX xDrive50,Available since November 2021,"€100,100","€108,243","£99,785",105.2,4.6 sec,200 km/h,505 km,208 Wh/km,680 km/h,2500,5
285,BMW i5 eDrive40 Sedan,Available since May 2023,"€70,200","€77,572","£74,105",81.2,6.0 sec,193 km/h,475 km,171 Wh/km,710 km/h,1500,5
284,Audi e-tron GT RS,Available since March 2021,"€146,050","€154,635","£115,000",85,3.3 sec,250 km/h,405 km,210 Wh/km,1000 km/h,,4
283,Hyundai IONIQ 6 Long Range AWD,Available since November 2022,"€61,100","€59,395","£50,245",74,5.1 sec,185 km/h,440 km,168 Wh/km,1150 km/h,1500,5
282,Renault Megane E-Tech EV60 220hp,Available since April 2022,"€46,600","€42,970","£36,995",60,7.4 sec,160 km/h,380 km,158 Wh/km,530 km/h,900,5
281,Mercedes EQC 400 4MATIC,Available since November 2020,"€66,069",N/A,"£72,335",80,5.1 sec,180 km/h,370 km,216 Wh/km,440 km/h,1800,5
280,Volkswagen ID.4 Pro,Available since February 2022,N/A,"€51,990","£44,605",77,10.4 sec,160 km/h,410 km,188 Wh/km,520 km/h,1000,5
279,Opel Astra Electric,Expected from June 2023,"* €40,000","* €40,000","* £36,000",50.8,8.5 sec,170 km/h,310 km,164 Wh/km,500 km/h,,5
278,Mercedes EQB 250,Available since March 2022,"€52,550","€59,917",N/A,66.5,8.9 sec,160 km/h,385 km,173 Wh/km,550 km/h,,7
277,MG ZS EV Long Range,Available since November 2021,"€37,990","€39,885","£32,995",68.3,8.4 sec,175 km/h,370 km,185 Wh/km,420 km/h,500,5
276,Renault Zoe ZE50 R110,Available since November 2019,"€36,840","€34,985",N/A,52,11.4 sec,135 km/h,315 km,165 Wh/km,230 km/h,,5
275,Hyundai IONIQ 6 Long Range 2WD,Available since December 2022,"€54,000","€50,895","£46,745",74,7.4 sec,185 km/h,495 km,149 Wh/km,1290 km/h,1500,5
274,Nissan Ariya 87kWh,Available since July 2022,"€58,990","€53,900","£51,895",87,7.6 sec,160 km/h,450 km,193 Wh/km,540 km/h,750,5
273,Nissan Leaf ,Available since March 2022,"€33,400","€35,090","£28,995",39,7.9 sec,144 km/h,235 km,166 Wh/km,230 km/h,,5
272,Mercedes EQA 250+,Available since June 2022,"€52,205","€59,675","£52,010",70.5,8.6 sec,160 km/h,420 km,168 Wh/km,580 km/h,750,5
271,Fiat 500e Hatchback 42 kWh,Available since November 2020,"€34,990","€34,490","£30,645",37.3,9.0 sec,150 km/h,235 km,159 Wh/km,390 km/h,,4
270,MG MG4 Electric 51 kWh,Available since October 2022,"€34,990","€32,285","£26,995",50.8,7.7 sec,160 km/h,305 km,167 Wh/km,340 km/h,500,5
269,Hongqi E-HS9 99 kWh,Available since December 2022,N/A,"€94,590",N/A,90,4.9 sec,200 km/h,370 km,243 Wh/km,430 km/h,1500,5
268,Kia EV6 Long Range 2WD,Available since October 2021,"€51,990","€57,495","£45,245",74,7.3 sec,185 km/h,410 km,180 Wh/km,1070 km/h,1600,5
267,Mini Cooper SE ,Available since March 2021,"€35,700","€38,690","£29,000",28.9,7.3 sec,150 km/h,180 km,161 Wh/km,260 km/h,,4
266,Mercedes EQS 580 4MATIC,Available since October 2021,"€141,705","€173,825",N/A,107.8,4.3 sec,210 km/h,590 km,183 Wh/km,880 km/h,750,5
265,Volkswagen ID.4 Pro Performance,Available since January 2021,"€46,335","€53,690","£46,035",77,8.5 sec,160 km/h,410 km,188 Wh/km,520 km/h,1000,5
264,Volkswagen ID.4 Pure,Available since February 2021,N/A,"€42,940","£38,845",52,10.9 sec,160 km/h,285 km,182 Wh/km,360 km/h,1000,5
263,Skoda Enyaq iV 60,Available since April 2021,N/A,"€48,990","£38,970",58,8.7 sec,160 km/h,340 km,171 Wh/km,460 km/h,1000,5
262,Volkswagen ID.7 Pro S,Expected from October 2023,"* €60,000","* €65,000","* £56,000",86,7.0 sec,180 km/h,520 km,165 Wh/km,800 km/h,,5
261,Lexus RZ 450e,Available since February 2023,"€68,000","€67,495","£64,500",64,5.6 sec,160 km/h,310 km,206 Wh/km,460 km/h,750,5
260,Rolls-Royce Spectre ,Expected from November 2023,"* €400,000","* €400,000","* £350,000",100,4.5 sec,250 km/h,455 km,220 Wh/km,540 km/h,,4
259,Jeep Avenger Electric ,Available since January 2023,"€37,000","€39,500","£34,800",50.8,9.0 sec,150 km/h,300 km,169 Wh/km,480 km/h,,5
258,CUPRA Born 150 kW - 58 kWh,Available since October 2021,"€39,370","€42,990","£36,475",58,7.3 sec,160 km/h,350 km,166 Wh/km,470 km/h,,5
257,Peugeot e-208 ,Available since November 2021,"€39,100","€34,920","£34,595",46.3,8.1 sec,150 km/h,285 km,162 Wh/km,460 km/h,,5
256,Volkswagen ID.3 Pro,Available since March 2023,"€39,995","€44,990","£37,115",58,7.3 sec,160 km/h,350 km,166 Wh/km,450 km/h,0,5
255,MG MG5 Electric Long Range,Available since March 2022,"€38,490","€38,885","£30,995",57.4,7.7 sec,185 km/h,335 km,171 Wh/km,330 km/h,500,5
254,BMW i5 M60 xDrive Sedan,Available since May 2023,"€99,500","€108,427","£97,745",81.2,3.8 sec,230 km/h,425 km,191 Wh/km,630 km/h,2000,5
253,Volkswagen ID.7 Pro,Expected from October 2023,"* €55,000","* €60,000","* £53,000",77,8.0 sec,180 km/h,470 km,164 Wh/km,700 km/h,,5
252,Kia EV9 99.8 kWh AWD,Expected from September 2023,"* €70,000","* €72,500","* £65,000",99.8,5.3 sec,180 km/h,450 km,222 Wh/km,850 km/h,2500,7
251,Tesla Model X Dual Motor,Available since January 2023,"€113,490","€117,493","* £100,000",95,3.9 sec,250 km/h,475 km,200 Wh/km,660 km/h,2250,7
250,Tesla Model X Plaid,Available since November 2022,"€133,490","€137,493","* £125,000",95,2.6 sec,262 km/h,455 km,209 Wh/km,630 km/h,2250,7
249,Porsche Taycan Turbo S,Available since January 2020,"€189,668","€196,900","£142,400",83.7,2.8 sec,260 km/h,400 km,209 Wh/km,980 km/h,,4
248,Fisker Ocean One,Available since March 2023,"€69,950","* €70,000","£60,880",105,3.9 sec,205 km/h,525 km,200 Wh/km,640 km/h,1820,5
247,Mercedes EQB 350 4MATIC,Available since February 2022,"€58,197","€68,266","£56,810",66.5,6.2 sec,160 km/h,340 km,196 Wh/km,490 km/h,,7
246,Audi Q8 e-tron Sportback 55 quattro,Available since December 2022,"€87,550","€85,385","£80,300",106,5.6 sec,200 km/h,525 km,202 Wh/km,710 km/h,1800,5
245,Polestar 2 Long Range Single Motor,Available since January 2023,"€54,475","€55,200","£48,950",78,6.2 sec,205 km/h,440 km,177 Wh/km,680 km/h,1500,5
244,Mercedes EQE 300,Available since July 2022,N/A,"€71,138","£74,345",89,7.3 sec,210 km/h,515 km,173 Wh/km,650 km/h,750,5
243,Kia EV6 Long Range AWD,Available since October 2021,"€55,980","€59,995","£51,745",74,5.2 sec,185 km/h,400 km,185 Wh/km,1050 km/h,1600,5
242,CUPRA Born 170 kW - 77 kWh,Available since March 2022,"€46,450","€52,490","£41,975",77,7.0 sec,160 km/h,450 km,171 Wh/km,570 km/h,,4
241,Volvo XC40 Recharge Single Motor,Available since December 2022,"€47,500","€45,995","£46,505",66,7.3 sec,180 km/h,345 km,191 Wh/km,420 km/h,1500,5
240,Citroen e-C4 ,Available since November 2021,"€36,040","€40,140","£30,995",46.3,9.7 sec,150 km/h,290 km,160 Wh/km,460 km/h,,5
239,Volkswagen e-Up! ,Available since August 2021,"€29,995",N/A,N/A,32.3,11.9 sec,130 km/h,205 km,158 Wh/km,170 km/h,,4
238,Opel Corsa-e ,Available since November 2021,"€36,395","€36,999","£31,130",46.3,8.1 sec,150 km/h,295 km,157 Wh/km,470 km/h,,5
237,Lotus Eletre ,Available since March 2023,"€95,990","€98,690","£89,500",107,4.5 sec,250 km/h,520 km,206 Wh/km,1090 km/h,,5
236,Renault Zoe ZE50 R135,Available since November 2019,"€37,840","€36,195","£29,995",52,9.5 sec,140 km/h,310 km,168 Wh/km,230 km/h,,5
235,Opel Mokka-e ,Available since November 2021,"€40,650","€39,749","£34,910",46.3,9.2 sec,150 km/h,260 km,178 Wh/km,420 km/h,,5
234,Polestar 4 Long Range Single Motor,Expected from February 2024,"* €60,000","* €60,000","* £55,000",94,7.4 sec,180 km/h,510 km,184 Wh/km,760 km/h,1500,5
233,Skoda Enyaq Coupe iV RS,Available since March 2022,"€63,300","€66,190","£54,370",77,6.5 sec,180 km/h,430 km,179 Wh/km,600 km/h,1200,5
232,Mazda MX-30 ,Available since May 2022,"€35,990","€36,440","£30,050",30,9.7 sec,140 km/h,170 km,176 Wh/km,210 km/h,,5
231,Hyundai IONIQ 5 Long Range AWD,Available since April 2022,"€59,200","€60,995","£50,150",74,5.1 sec,185 km/h,385 km,192 Wh/km,1010 km/h,1600,5
230,Volkswagen ID.5 Pro,Available since March 2022,"€47,935","€53,990","£50,710",77,10.4 sec,160 km/h,430 km,179 Wh/km,540 km/h,1000,5
229,Porsche Taycan ,Available since February 2021,"€88,399","€93,500","£75,500",71,5.4 sec,230 km/h,410 km,173 Wh/km,1010 km/h,,4
228,Lucid Air Dream Edition P,Available since January 2022,"€218,000","€222,000",N/A,118,2.7 sec,270 km/h,685 km,172 Wh/km,870 km/h,,5
227,NIO ET7 75 kWh,Available since October 2022,"€81,900","€84,900",N/A,70.5,3.8 sec,200 km/h,400 km,176 Wh/km,540 km/h,2000,5
226,Peugeot e-2008 SUV ,Available since November 2021,"€37,900","€40,070","£35,150",46.3,8.5 sec,150 km/h,270 km,171 Wh/km,430 km/h,,5
225,Hyundai IONIQ 5 Standard Range 2WD,Available since July 2021,"€43,900","€49,295","£43,150",54,8.5 sec,185 km/h,295 km,183 Wh/km,720 km/h,750,5
224,Audi Q8 e-tron 50 quattro,Available since December 2022,"€74,400","€71,385","£67,800",89,6.0 sec,200 km/h,420 km,212 Wh/km,580 km/h,1800,5
223,NIO ET5 100 kWh,Available since December 2022,"€68,500","€71,700",N/A,90,4.0 sec,200 km/h,500 km,180 Wh/km,520 km/h,1400,5
222,Subaru Solterra AWD,Available since June 2022,"€57,490","€56,395","£49,995",64,6.9 sec,160 km/h,320 km,200 Wh/km,480 km/h,750,5
221,Smart EQ fortwo coupe,Available since January 2020,"€21,940",N/A,N/A,16.7,11.6 sec,130 km/h,100 km,167 Wh/km,-,,2
220,Citroen e-C4 X ,Available since November 2022,"€37,540","€40,990",N/A,46.3,9.7 sec,150 km/h,275 km,168 Wh/km,440 km/h,,5
219,Toyota bZ4X AWD,Available since June 2022,"€57,390","€63,995","£52,110",64,6.9 sec,160 km/h,315 km,203 Wh/km,470 km/h,750,5
218,Mercedes EQS SUV 580 4MATIC,Available since December 2022,"€135,434","€167,291","£139,170",108.4,4.6 sec,210 km/h,485 km,224 Wh/km,630 km/h,1800,7
217,Audi Q4 e-tron 35,Available since June 2021,N/A,"€52,105",N/A,52,9.0 sec,160 km/h,285 km,182 Wh/km,360 km/h,0,5
216,Volvo XC40 Recharge Single Motor ER,Available since December 2022,"€53,000","€51,495",N/A,79,7.3 sec,180 km/h,405 km,195 Wh/km,600 km/h,1500,5
215,MG ZS EV Standard Range,Available since November 2021,"€33,990","€35,885","£30,495",49,8.6 sec,175 km/h,265 km,185 Wh/km,250 km/h,500,5
214,Dacia Spring Electric 65 Extreme,Available since January 2023,"€24,550","€23,400",N/A,25,13.7 sec,125 km/h,160 km,156 Wh/km,170 km/h,,4
213,Mercedes EQE SUV 350+,Available since December 2022,"€86,811","€91,950",N/A,90.6,6.7 sec,210 km/h,470 km,193 Wh/km,700 km/h,750,5
212,Volvo XC40 Recharge Twin Motor,Available since December 2022,"€59,950","€59,995","£51,755",79,4.8 sec,180 km/h,390 km,203 Wh/km,580 km/h,1800,5
211,Hyundai Kona Electric 39 kWh,Available since June 2021,"€36,400",N/A,"£32,450",39.2,9.9 sec,155 km/h,250 km,157 Wh/km,220 km/h,,5
210,Fisker Ocean Ultra,Available since March 2023,"€57,000","* €58,000","£49,880",105,4.2 sec,200 km/h,525 km,200 Wh/km,640 km/h,1820,5
209,Nissan Leaf e+,Available since March 2022,"€41,100","€41,890","£34,945",59,6.9 sec,157 km/h,340 km,174 Wh/km,240 km/h,,5
208,Hyundai Kona Electric 65 kWh,Expected from September 2023,"* €48,000","* €50,000","* £40,000",65.4,8.0 sec,167 km/h,400 km,164 Wh/km,410 km/h,,5
207,Renault Twingo Electric,Available since November 2020,"€28,000","€24,190",N/A,21.3,12.6 sec,135 km/h,135 km,158 Wh/km,-,,4
206,Polestar 4 Long Range Dual Motor,Expected from February 2024,"* €65,000","* €65,000","* £60,000",94,3.8 sec,200 km/h,475 km,198 Wh/km,710 km/h,2000,5
205,Lucid Air Dream Edition R,Available since January 2022,"€218,000","€222,000",N/A,118,2.9 sec,270 km/h,685 km,172 Wh/km,870 km/h,,5
204,Peugeot e-308 ,Available since April 2023,"* €44,000","€45,585","* £37,000",50.8,9.8 sec,170 km/h,300 km,169 Wh/km,450 km/h,,5
203,Audi e-tron GT quattro,Available since March 2021,"€106,050","€110,915","£84,000",85,4.1 sec,245 km/h,420 km,202 Wh/km,1030 km/h,,4
202,Volkswagen ID.3 Pro S - 4 Seats,Available since March 2023,"€47,595","€47,990","£42,870",77,7.9 sec,160 km/h,455 km,169 Wh/km,680 km/h,0,4
201,Audi SQ8 e-tron ,Available since May 2023,"€95,800","€99,135","£97,500",106,4.5 sec,210 km/h,455 km,233 Wh/km,610 km/h,1800,5
200,Volkswagen ID.5 Pro Performance,Available since March 2022,"€48,970","€55,690","£52,185",77,8.4 sec,160 km/h,430 km,179 Wh/km,540 km/h,1000,5
199,Polestar 2 Standard Range Single Motor,Available since January 2023,"€50,775","€51,200","£44,950",67,6.4 sec,205 km/h,385 km,174 Wh/km,620 km/h,1500,5
198,Kia EV9 99.8 kWh RWD,Expected from September 2023,"* €65,000","* €70,000","* £60,000",99.8,9.4 sec,180 km/h,460 km,217 Wh/km,870 km/h,2500,7
197,Mercedes EQV 300 Long,Available since September 2020,"€71,626","€83,617","£83,530",90,12.1 sec,160 km/h,310 km,290 Wh/km,310 km/h,,7
196,Lucid Air Pure,Available since May 2023,"€109,000","€115,000",N/A,88,4.2 sec,200 km/h,560 km,157 Wh/km,980 km/h,,5
195,Ford Mustang Mach-E ER RWD,Available since November 2022,"€71,200","€59,400","£59,380",91,7.0 sec,180 km/h,480 km,190 Wh/km,420 km/h,1500,5
194,Mercedes EQA 250,Available since June 2022,"€50,777","€57,618",N/A,66.5,8.6 sec,160 km/h,395 km,168 Wh/km,570 km/h,750,5
193,Skoda Enyaq Coupe iV 80,Available since July 2022,"€54,400","€56,990","£44,770",77,8.7 sec,160 km/h,465 km,166 Wh/km,590 km/h,1000,5
192,Volkswagen ID.5 GTX,Available since March 2022,"€56,455","€63,790","£56,545",77,6.3 sec,180 km/h,405 km,190 Wh/km,560 km/h,1200,5
191,Fisker Ocean Sport,Available since March 2023,"€41,560","* €42,000","£35,970",75,7.4 sec,160 km/h,380 km,197 Wh/km,480 km/h,1090,5
190,Porsche Taycan 4S,Available since May 2020,"€108,867","€114,200","£86,500",71,4.0 sec,250 km/h,395 km,180 Wh/km,970 km/h,,4
189,XPENG P7 Wing Edition,Available since February 2023,N/A,"€71,188",N/A,82.7,4.1 sec,200 km/h,465 km,178 Wh/km,650 km/h,,5
188,Lucid Air Grand Touring,Available since February 2023,"€159,000","€165,000",N/A,112,3.0 sec,270 km/h,675 km,166 Wh/km,850 km/h,,5
187,MG Marvel R ,Available since October 2021,"€46,990","€49,485",N/A,70,7.9 sec,200 km/h,365 km,192 Wh/km,400 km/h,750,5
186,Smart #1 Brabus,Available since March 2023,"€48,990","€48,895","* £42,000",62,3.9 sec,180 km/h,320 km,194 Wh/km,490 km/h,1600,5
185,Mercedes EQB 300 4MATIC,Available since February 2022,"€55,519","€65,483","£55,310",66.5,8.0 sec,160 km/h,340 km,196 Wh/km,490 km/h,,7
184,Mercedes EQS AMG 53 4MATIC+,Available since February 2022,"€155,009","€176,608","£161,860",107.8,3.4 sec,250 km/h,540 km,200 Wh/km,810 km/h,750,5
183,Hyundai IONIQ 6 Standard Range 2WD,Available since January 2023,"€43,900","€45,895",N/A,54,8.8 sec,185 km/h,365 km,148 Wh/km,900 km/h,750,5
182,Maxus MIFA 9 ,Available since February 2023,"€68,990",N/A,"£64,306",90,9.2 sec,180 km/h,345 km,261 Wh/km,290 km/h,1000,7
181,Polestar 3 Long Range Dual motor,Available since November 2022,"€88,600","€89,900","£79,900",107,5.0 sec,210 km/h,490 km,218 Wh/km,640 km/h,2200,5
180,Polestar 2 Long Range Dual Motor,Available since January 2023,"€58,775","€59,900","£52,950",78,4.5 sec,205 km/h,420 km,186 Wh/km,650 km/h,1500,5
179,Audi Q4 e-tron 50 quattro,Available since July 2021,"€57,900","€71,015","£56,310",76.6,6.2 sec,180 km/h,385 km,199 Wh/km,490 km/h,1200,5
178,BMW i7 eDrive50,Available since May 2023,"€115,700","€122,463",N/A,101.7,5.5 sec,205 km/h,520 km,196 Wh/km,780 km/h,,5
177,Lexus UX 300e,Available since November 2020,"€47,550",N/A,"£34,770",45,7.5 sec,160 km/h,235 km,191 Wh/km,150 km/h,,5
176,XPENG P7 RWD Long Range,Available since February 2023,N/A,"€51,188",N/A,82.7,6.7 sec,200 km/h,500 km,165 Wh/km,700 km/h,,5
175,BMW i7 M70 xDrive,Available since May 2023,"€181,800","€189,877","£163,315",101.7,3.7 sec,250 km/h,490 km,208 Wh/km,730 km/h,,5
174,Skoda Enyaq iV 80x,Available since June 2021,N/A,N/A,"£51,765",77,6.9 sec,160 km/h,425 km,181 Wh/km,540 km/h,1200,5
173,Renault Megane E-Tech EV60 130hp,Available since April 2022,"€47,000","€43,970",N/A,60,10.5 sec,150 km/h,380 km,158 Wh/km,530 km/h,500,5
172,Volvo C40 Recharge Twin Motor,Available since December 2022,"€61,400","€61,495","£53,605",79,4.7 sec,180 km/h,400 km,198 Wh/km,600 km/h,1800,5
171,Jaguar I-Pace EV400,Available since January 2023,"€92,400","€95,450","£69,995",84.7,4.8 sec,200 km/h,380 km,223 Wh/km,360 km/h,750,5
170,Honda e Advance,Available since August 2020,"€39,900","€40,615","£36,920",28.5,8.3 sec,145 km/h,170 km,168 Wh/km,180 km/h,,4
169,MG Marvel R Performance,Available since October 2021,"€50,990","€52,485",N/A,70,4.9 sec,200 km/h,350 km,200 Wh/km,380 km/h,750,5
168,Mercedes EQA 300 4MATIC,Available since May 2021,"€53,746","€64,031","£53,010",66.5,7.7 sec,160 km/h,350 km,190 Wh/km,500 km/h,1800,5
167,Mercedes EQE AMG 43 4MATIC,Available since April 2022,N/A,"€111,068",N/A,90.6,4.2 sec,210 km/h,465 km,195 Wh/km,690 km/h,750,5
166,Volkswagen ID.4 GTX,Available since July 2022,"€53,255","€61,790","£52,865",77,6.3 sec,180 km/h,400 km,193 Wh/km,560 km/h,1200,5
165,VinFast VF 9 Extended Range,Expected from June 2023,"€89,800","€91,300",N/A,123,6.5 sec,200 km/h,520 km,237 Wh/km,520 km/h,,7
164,Renault Megane E-Tech EV40 130hp,Available since April 2022,"€42,000","€38,370",N/A,40,10.0 sec,150 km/h,260 km,154 Wh/km,370 km/h,500,5
163,NIO ET7 100 kWh,Available since October 2022,"€90,900","€93,900",N/A,90,3.8 sec,200 km/h,505 km,178 Wh/km,530 km/h,2000,5
162,Fisker Ocean Extreme,Available since March 2023,"€69,950","* €70,000","£60,880",105,3.9 sec,205 km/h,525 km,200 Wh/km,640 km/h,1820,5
161,Nissan Ariya 63kWh,Available since July 2022,"€47,490","€47,990","£46,145",63,7.5 sec,160 km/h,335 km,188 Wh/km,450 km/h,750,5
160,Volvo C40 Recharge Single Motor ER,Available since December 2022,"€54,450","€52,995",N/A,79,7.3 sec,180 km/h,420 km,188 Wh/km,630 km/h,1500,5
159,XPENG G9 RWD Standard Range,Available since February 2023,N/A,"€59,188",N/A,75,6.4 sec,200 km/h,375 km,200 Wh/km,780 km/h,1500,5
158,Peugeot e-208 ,Available since November 2022,"€41,850","€39,870","£34,955",48.1,8.2 sec,150 km/h,295 km,163 Wh/km,450 km/h,,5
157,Skoda Enyaq iV 50,Available since May 2021,"€39,900",N/A,N/A,52,11.3 sec,160 km/h,305 km,170 Wh/km,250 km/h,,5
156,Maserati GranTurismo Folgore,Expected from June 2023,"* €250,000","* €250,000","* £200,000",83,2.7 sec,320 km/h,425 km,195 Wh/km,990 km/h,,4
155,Mercedes EQS SUV 450+,Available since December 2022,"€110,801","€120,827",N/A,108.4,6.7 sec,210 km/h,500 km,217 Wh/km,650 km/h,750,7
154,Polestar 3 Long Range Performance,Available since November 2022,"€95,200","€96,500","£85,500",107,4.7 sec,210 km/h,470 km,228 Wh/km,610 km/h,2200,5
153,Volvo EX90 Twin Motor,Available since December 2022,"€105,550","€99,195","£96,255",107,5.9 sec,180 km/h,455 km,235 Wh/km,590 km/h,2200,7
152,Hongqi E-HS9 84 kWh,Available since December 2022,N/A,"€83,590",N/A,76.5,6.5 sec,200 km/h,320 km,239 Wh/km,440 km/h,1500,5
151,Mercedes EQB 250+,Available since November 2022,"€53,978","€61,974",N/A,70.5,8.9 sec,160 km/h,410 km,172 Wh/km,550 km/h,,7
150,XPENG G9 RWD Long Range,Available since February 2023,N/A,"€63,188",N/A,94,6.4 sec,200 km/h,470 km,200 Wh/km,980 km/h,1500,5
149,Volvo C40 Recharge Single Motor,Available since December 2022,"€47,500","€50,995","£48,355",66,7.3 sec,180 km/h,355 km,186 Wh/km,430 km/h,1500,5
148,Ford Mustang Mach-E ER AWD,Available since November 2022,"€77,200","€70,940","£65,405",91,5.8 sec,180 km/h,440 km,207 Wh/km,390 km/h,1500,5
147,Mercedes EQS 500 4MATIC,Available since June 2022,"€125,378","€147,326",N/A,107.8,4.8 sec,210 km/h,590 km,183 Wh/km,880 km/h,750,5
146,Mercedes EQA 350 4MATIC,Available since May 2021,"€56,424","€66,935","£54,510",66.5,6.0 sec,160 km/h,350 km,190 Wh/km,500 km/h,1800,5
145,Porsche Taycan 4 Cross Turismo,Available since July 2021,"€98,514","€104,000","£84,500",83.7,5.1 sec,220 km/h,420 km,199 Wh/km,1030 km/h,,4
144,Opel Astra Sports Tourer Electric,Expected from June 2023,"* €42,000","* €42,000","* £37,000",50.8,8.5 sec,170 km/h,300 km,169 Wh/km,480 km/h,,5
143,NIO EL7 100 kWh,Available since December 2022,"€94,900","€97,900",N/A,90,3.9 sec,200 km/h,430 km,209 Wh/km,450 km/h,2000,5
142,Genesis GV60 Premium,Available since June 2022,N/A,N/A,"£53,905",74,7.8 sec,185 km/h,390 km,190 Wh/km,1020 km/h,1600,5
141,Audi Q4 Sportback e-tron 40,Available since August 2021,"€53,900","€61,465","£51,430",76.6,8.5 sec,160 km/h,425 km,180 Wh/km,540 km/h,1000,5
140,Peugeot e-308 SW ,Expected from June 2023,"* €45,000","* €45,000","* £38,000",50.8,9.0 sec,150 km/h,300 km,169 Wh/km,450 km/h,,5
139,Mercedes EQE 500 4MATIC,Available since July 2022,N/A,"€113,488",N/A,90.6,4.7 sec,210 km/h,485 km,187 Wh/km,720 km/h,750,5
138,Volvo EX90 Twin Motor Performance,Available since December 2022,"€110,650","€104,195","£100,555",107,4.9 sec,180 km/h,440 km,243 Wh/km,570 km/h,2200,7
137,Kia EV6 Standard Range 2WD,Available since October 2021,"€46,990","€48,995",N/A,54,8.5 sec,185 km/h,305 km,177 Wh/km,750 km/h,750,5
136,Mercedes EQE SUV 500 4MATIC,Available since December 2022,"€99,841","€116,755","£108,760",90.6,4.9 sec,210 km/h,455 km,199 Wh/km,680 km/h,1800,5
135,ORA Funky Cat 48 kWh,Available since November 2022,"€38,990",N/A,"£31,995",45.4,8.3 sec,160 km/h,260 km,175 Wh/km,240 km/h,,5
134,Audi Q4 e-tron 45 quattro,Available since August 2021,"€53,990","€61,415",N/A,76.6,6.9 sec,180 km/h,385 km,199 Wh/km,490 km/h,1200,5
133,Volkswagen ID.4 Pure Performance,Available since March 2021,"€39,955","€45,390","£40,275",52,9.0 sec,160 km/h,285 km,182 Wh/km,360 km/h,1000,5
132,Genesis GV70 Electrified Sport,Available since October 2022,"€67,300",N/A,"£64,405",74,4.2 sec,235 km/h,350 km,211 Wh/km,860 km/h,1800,5
131,Renault Kangoo E-Tech Electric,Available since December 2022,"€39,300",N/A,N/A,44,12.6 sec,132 km/h,215 km,205 Wh/km,230 km/h,1500,5
130,e.Go e.wave X ,Available since December 2022,"€24,990",N/A,N/A,27,12.0 sec,135 km/h,150 km,180 Wh/km,-,,4
129,Ford Mustang Mach-E SR RWD,Available since November 2022,"€62,900","€53,900","£50,830",70,6.9 sec,180 km/h,375 km,187 Wh/km,390 km/h,750,5
128,MG MG5 Electric Standard Range,Available since June 2022,"€35,490","€35,885",N/A,46,7.7 sec,185 km/h,265 km,174 Wh/km,320 km/h,500,5
127,Porsche Taycan 4S Plus,Available since April 2020,"€114,389","€120,031","£90,406",83.7,4.0 sec,250 km/h,460 km,182 Wh/km,1130 km/h,,4
126,Abarth 500e Hatchback,Available since May 2023,"€37,990","€38,490","£34,195",37.8,7.0 sec,155 km/h,225 km,168 Wh/km,370 km/h,,4
125,Mercedes EQE 350 4MATIC,Available since July 2022,N/A,"€86,263",N/A,90.6,6.3 sec,210 km/h,485 km,187 Wh/km,720 km/h,750,5
124,Abarth 500e Convertible,Available since May 2023,"€40,990","€41,490","£37,195",37.8,7.0 sec,155 km/h,225 km,168 Wh/km,370 km/h,,4
123,Mercedes EQE 300,Available since May 2023,"€67,187",N/A,N/A,89,7.3 sec,210 km/h,515 km,173 Wh/km,650 km/h,750,5
122,Audi Q8 e-tron Sportback 50 quattro,Available since December 2022,"€76,650","€73,785","£70,300",89,6.0 sec,200 km/h,445 km,200 Wh/km,620 km/h,1800,5
121,Mercedes EQS 450 4MATIC,Available since June 2022,"€113,359","€129,902",N/A,107.8,5.6 sec,210 km/h,605 km,178 Wh/km,900 km/h,750,5
120,Hyundai Kona Electric 48 kWh,Expected from September 2023,"* €40,000","* €40,000","* £35,000",48.4,10.0 sec,155 km/h,300 km,161 Wh/km,290 km/h,,5
119,Porsche Taycan Plus,Available since February 2021,"€94,123","€99,544","£79,549",83.7,5.4 sec,230 km/h,475 km,176 Wh/km,1170 km/h,,4
118,SsangYong Korando e-Motion,Available since February 2022,"€40,490","€39,990",N/A,56,8.5 sec,156 km/h,290 km,193 Wh/km,330 km/h,1500,5
117,Citroen e-Berlingo M 50 kWh,Available since September 2021,"€37,790","€41,741","£31,495",46.3,11.7 sec,135 km/h,205 km,226 Wh/km,330 km/h,750,5
116,Ford Mustang Mach-E GT,Available since November 2022,"€86,200","€79,200","£74,540",91,4.4 sec,200 km/h,425 km,214 Wh/km,380 km/h,750,5
115,Mercedes EQE SUV 350 4MATIC,Available since December 2022,"€89,548","€99,089","£90,560",90.6,6.6 sec,210 km/h,455 km,199 Wh/km,680 km/h,1800,5
114,Fiat 500e Hatchback 24 kWh,Available since November 2020,"€30,990","€28,990",N/A,21.3,9.0 sec,135 km/h,135 km,158 Wh/km,230 km/h,,4
113,Porsche Taycan GTS,Available since February 2022,"€134,214","€140,400","£106,000",83.7,3.7 sec,250 km/h,450 km,186 Wh/km,1110 km/h,,4
112,Mercedes EQS SUV 450 4MATIC,Available since December 2022,"€114,609","€127,845","£129,170",108.4,6.0 sec,210 km/h,490 km,221 Wh/km,640 km/h,1800,7
111,Nissan Ariya e-4ORCE 87kWh - 225 kW,Available since July 2022,"€61,990","€61,990","£54,595",87,5.7 sec,200 km/h,405 km,215 Wh/km,480 km/h,1500,5
110,Mercedes EQE AMG 53 4MATIC+,Available since July 2022,N/A,"€128,613","£114,750",90.6,3.5 sec,220 km/h,465 km,195 Wh/km,690 km/h,750,5
109,Volkswagen ID.4 Pro 4MOTION,Available since June 2022,"€49,020",N/A,N/A,77,6.9 sec,180 km/h,405 km,190 Wh/km,510 km/h,1200,5
108,NIO ET5 75 kWh,Available since December 2022,"€59,500","€62,700",N/A,70.5,4.0 sec,200 km/h,395 km,178 Wh/km,530 km/h,1400,5
107,Lotus Eletre R,Available since March 2023,"€150,990","€154,090","£120,000",107,2.9 sec,260 km/h,450 km,238 Wh/km,940 km/h,,5
106,XPENG G9 AWD Long Range,Available since February 2023,N/A,"€73,188",N/A,94,3.9 sec,200 km/h,440 km,214 Wh/km,920 km/h,1500,5
105,Aiways U5 ,Available since April 2022,"€39,563","€42,950",N/A,60,7.5 sec,150 km/h,315 km,190 Wh/km,380 km/h,,5
104,Porsche Taycan Turbo,Available since January 2020,"€156,348","€162,400","£119,900",83.7,3.2 sec,260 km/h,415 km,202 Wh/km,1020 km/h,,4
103,Kia e-Soul 64 kWh,Available since September 2022,"€46,950","€42,695","£39,045",64,7.9 sec,167 km/h,370 km,173 Wh/km,350 km/h,0,5
102,Skoda Enyaq Coupe iV 80x,Available since December 2022,"* €57,000",N/A,"£52,450",77,7.0 sec,160 km/h,455 km,169 Wh/km,570 km/h,1200,5
101,Smart EQ fortwo cabrio,Available since January 2020,"€25,200",N/A,N/A,16.7,11.9 sec,130 km/h,95 km,176 Wh/km,-,,2
100,Polestar 2 Long Range Performance,Available since January 2023,"€65,275","€66,400","£57,950",78,4.2 sec,205 km/h,410 km,190 Wh/km,630 km/h,1500,5
99,DS 3 E-Tense,Available since November 2022,"€40,540","€42,140","£37,200",50.8,9.0 sec,150 km/h,300 km,169 Wh/km,480 km/h,,5
98,CUPRA Born 170 kW - 58 kWh,Available since March 2022,"€40,750","€47,990","£39,205",58,6.6 sec,160 km/h,345 km,168 Wh/km,460 km/h,,5
97,Lucid Air Touring,Available since May 2023,"€129,000","€134,000",N/A,88,3.2 sec,250 km/h,550 km,160 Wh/km,960 km/h,,5
96,Genesis G80 Electrified Luxury,Available since June 2022,"€69,200",N/A,"£69,805",82.5,4.9 sec,225 km/h,440 km,188 Wh/km,880 km/h,,5
95,Audi SQ8 e-tron Sportback ,Available since May 2023,"€98,050","€101,535","£100,000",106,4.5 sec,210 km/h,480 km,221 Wh/km,650 km/h,1800,5
94,VinFast VF 8 Plus Standard Range,Expected from June 2023,"€68,700",N/A,N/A,82,5.5 sec,200 km/h,400 km,205 Wh/km,560 km/h,,5
93,Aiways U6 ,Available since December 2022,"€47,588","€48,975",N/A,60,7.0 sec,160 km/h,350 km,171 Wh/km,430 km/h,,5
92,Audi Q4 Sportback e-tron 50 quattro,Available since August 2021,"€59,900","€73,065","£57,810",76.6,6.2 sec,180 km/h,400 km,192 Wh/km,500 km/h,1200,5
91,Audi Q4 Sportback e-tron 35,Available since August 2021,N/A,"€54,155",N/A,52,9.0 sec,160 km/h,295 km,176 Wh/km,370 km/h,0,5
90,Seres 3 ,Available since October 2021,N/A,"€37,995",N/A,51,8.9 sec,155 km/h,260 km,196 Wh/km,240 km/h,,5
89,Maserati Grecale Folgore,Expected from September 2023,N/A,"* €150,000","* £135,000",95,4.1 sec,220 km/h,405 km,235 Wh/km,440 km/h,,5
88,Mercedes EQE SUV AMG 53 4MATIC+,Expected from June 2023,"* €130,000","* €150,000","* £120,000",90.6,3.5 sec,240 km/h,425 km,213 Wh/km,630 km/h,1800,5
87,Skoda Enyaq Coupe iV 60,Available since July 2022,"* €43,000","€51,990",N/A,58,8.8 sec,160 km/h,345 km,168 Wh/km,460 km/h,1000,5
86,VinFast VF 9 Standard Range,Expected from June 2023,"€82,250",N/A,N/A,92,6.5 sec,200 km/h,400 km,230 Wh/km,540 km/h,,7
85,Fiat 500e 3+1 42 kWh,Available since November 2020,"€36,990","€35,490",N/A,37.3,9.0 sec,150 km/h,235 km,159 Wh/km,390 km/h,,4
84,Opel Vivaro-e Combi M 75 kWh,Available since October 2020,"€56,942","€57,123",N/A,68,13.3 sec,130 km/h,265 km,257 Wh/km,290 km/h,1000,9
83,Mercedes EQE 350,Available since May 2023,"€70,995",N/A,N/A,89,6.4 sec,210 km/h,510 km,175 Wh/km,640 km/h,750,5
82,Toyota Proace City Verso Electric L2 50 kWh,Available since April 2022,"€40,150","€46,895",N/A,46.3,11.2 sec,135 km/h,205 km,226 Wh/km,330 km/h,750,7
81,Skoda Enyaq iV RS,Available since October 2022,"€63,300","* €63,000",N/A,77,6.2 sec,180 km/h,420 km,183 Wh/km,580 km/h,1200,5
80,ORA Funky Cat GT,Available since April 2023,"€49,490",N/A,N/A,59.3,8.2 sec,160 km/h,330 km,180 Wh/km,230 km/h,,5
79,Toyota Proace City Verso Electric L1 50 kWh,Available since April 2022,"€37,800","€45,495",N/A,46.3,11.2 sec,135 km/h,210 km,220 Wh/km,330 km/h,750,5
78,Citroen e-Jumpy Combi M 75 kWh,Available since November 2020,"€57,940","€57,022",N/A,68,13.3 sec,130 km/h,265 km,257 Wh/km,290 km/h,1000,9
77,Peugeot e-Rifter Long 50 kWh,Available since July 2021,"€42,440","€41,430","£34,300",46.3,11.7 sec,135 km/h,200 km,232 Wh/km,320 km/h,750,7
76,Genesis GV60 Sport,Available since June 2022,"€63,200",N/A,"£58,365",74,5.5 sec,200 km/h,380 km,195 Wh/km,990 km/h,1600,5
75,Nissan Ariya e-4ORCE 87kWh - 290 kW,Available since April 2023,"€71,490","€71,990",N/A,87,5.1 sec,200 km/h,405 km,215 Wh/km,480 km/h,1500,5
74,Peugeot e-Expert Combi Standard 75 kWh,Available since February 2021,"€57,940","€57,367",N/A,68,14.3 sec,130 km/h,265 km,257 Wh/km,290 km/h,1000,9
73,Fiat 500e Cabrio 42 kWh,Available since November 2020,"€37,990","€37,490","£33,645",37.3,9.0 sec,150 km/h,230 km,162 Wh/km,380 km/h,,4
72,XPENG P7 AWD Performance,Available since February 2023,N/A,"€61,188",N/A,82.7,4.1 sec,200 km/h,470 km,176 Wh/km,650 km/h,,5
71,Mercedes EQE AMG 53 4MATIC+,Available since May 2023,"€110,706",N/A,N/A,90.6,3.5 sec,220 km/h,465 km,195 Wh/km,690 km/h,750,5
70,Mercedes eVito Tourer Long 90 kWh,Available since October 2020,"€64,248","€79,061","£68,352",90,12.0 sec,160 km/h,310 km,290 Wh/km,310 km/h,,9
69,Ford Mustang Mach-E SR AWD,Available since November 2022,"€69,200","€66,445",N/A,70,6.3 sec,180 km/h,345 km,203 Wh/km,360 km/h,750,5
68,Fiat E-Ulysse L3 75 kWh,Available since June 2022,"€62,990",N/A,N/A,68,13.3 sec,130 km/h,260 km,262 Wh/km,280 km/h,1000,8
67,Toyota PROACE Verso L 75 kWh,Available since October 2021,"€65,385","€77,445",N/A,68,13.1 sec,130 km/h,260 km,262 Wh/km,280 km/h,1000,8
66,Mini Cooper SE Convertible,Available since April 2023,"€60,000","€62,990","£52,500",28.9,8.2 sec,150 km/h,170 km,170 Wh/km,240 km/h,,4
65,Porsche Taycan Turbo S Cross Turismo,Available since July 2021,"€191,096","€198,400","£143,400",83.7,2.9 sec,250 km/h,380 km,220 Wh/km,930 km/h,,4
64,ORA Funky Cat 63 kWh,Available since April 2023,"€44,490",N/A,N/A,59.3,8.2 sec,160 km/h,340 km,174 Wh/km,240 km/h,,5
63,Audi Q4 Sportback e-tron 45 quattro,Available since July 2022,"€55,900","€63,465",N/A,76.6,6.9 sec,180 km/h,400 km,192 Wh/km,500 km/h,1200,5
62,Mercedes EQS SUV 500 4MATIC,Available since December 2022,"€124,545","€152,166",N/A,108.4,5.2 sec,210 km/h,490 km,221 Wh/km,640 km/h,1800,7
61,Mercedes EQE 350 4MATIC,Available since May 2023,"€74,149",N/A,N/A,89,6.3 sec,210 km/h,475 km,187 Wh/km,600 km/h,750,5
60,NIO EL7 75 kWh,Available since December 2022,"€85,900","€88,900",N/A,70.5,3.9 sec,200 km/h,340 km,207 Wh/km,460 km/h,2000,5
59,Fiat 500e 3+1 24 kWh,Available since July 2022,N/A,"€30,990",N/A,21.3,9.0 sec,135 km/h,135 km,158 Wh/km,230 km/h,,4
58,Porsche Taycan GTS Sport Turismo,Available since February 2022,"€135,166","€141,400","£107,000",83.7,3.7 sec,250 km/h,425 km,197 Wh/km,1050 km/h,,4
57,Porsche Taycan 4S Cross Turismo,Available since July 2021,"€114,222","€119,700","£91,000",83.7,4.1 sec,240 km/h,420 km,199 Wh/km,1030 km/h,,4
56,Kia e-Soul 39.2 kWh,Available since September 2022,N/A,"€37,295","£32,845",39.2,9.9 sec,157 km/h,230 km,170 Wh/km,200 km/h,,5
55,Peugeot e-Rifter Standard 50 kWh,Available since July 2021,"€41,240","€39,620","£32,300",46.3,11.7 sec,135 km/h,205 km,226 Wh/km,330 km/h,750,7
54,VinFast VF 8 Eco Extended Range,Expected from June 2023,"€63,850","€53,900",N/A,87.7,5.9 sec,200 km/h,425 km,206 Wh/km,550 km/h,,5
53,Mercedes eVito Tourer Extra-Long 90 kWh,Available since October 2020,"€65,140","€80,253","£75,846",90,12.0 sec,160 km/h,305 km,295 Wh/km,310 km/h,,9
52,Peugeot e-Traveller Standard 50 kWh,Available since November 2020,"€53,640","€57,428","£49,100",46.3,13.1 sec,130 km/h,185 km,250 Wh/km,290 km/h,1000,9
51,Citroen e-SpaceTourer M 50 kWh,Available since November 2020,"€53,640","€57,083","£47,495",46.3,12.1 sec,130 km/h,185 km,250 Wh/km,290 km/h,1000,9
50,Mercedes EQV 300 Extra-Long,Available since October 2020,"€72,519","€84,809",N/A,90,12.1 sec,160 km/h,310 km,290 Wh/km,310 km/h,,7
49,Opel Combo-e Life 50 kWh,Available since October 2021,"€43,050","€39,434","£34,035",46.3,11.7 sec,135 km/h,205 km,226 Wh/km,330 km/h,750,7
48,Toyota PROACE Verso M 75 kWh,Available since October 2021,"€64,530",N/A,N/A,68,13.1 sec,130 km/h,265 km,257 Wh/km,290 km/h,1000,8
47,Opel Combo-e Life XL 50 kWh,Available since October 2021,"€44,750",N/A,"£34,635",46.3,11.7 sec,135 km/h,200 km,232 Wh/km,320 km/h,750,7
46,Toyota PROACE Shuttle M 75 kWh,Available since June 2021,N/A,"€60,095",N/A,68,13.1 sec,130 km/h,265 km,257 Wh/km,290 km/h,1000,9
45,Opel Zafira-e Life L 75 kWh,Available since February 2021,"€70,075","€68,134",N/A,68,13.3 sec,130 km/h,260 km,262 Wh/km,280 km/h,1000,9
44,Peugeot e-Expert Combi Long 75 kWh,Available since February 2021,"€58,730","€59,303",N/A,68,14.3 sec,130 km/h,260 km,262 Wh/km,280 km/h,1000,9
43,Genesis GV60 Sport Plus,Available since June 2022,"€73,100",N/A,"£67,505",74,4.0 sec,235 km/h,365 km,203 Wh/km,950 km/h,1600,5
42,Citroen e-Berlingo XL 50 kWh,Available since September 2021,"€43,640","€43,556","£32,495",46.3,11.7 sec,135 km/h,200 km,232 Wh/km,320 km/h,750,7
41,Mercedes EQE 500 4MATIC,Available since May 2023,"€88,215",N/A,N/A,90.6,4.7 sec,210 km/h,485 km,187 Wh/km,720 km/h,750,5
40,Porsche Taycan Turbo S Sport Turismo,Available since March 2022,"€190,620","€197,900","£143,400",83.7,2.8 sec,260 km/h,395 km,212 Wh/km,970 km/h,,4
39,Porsche Taycan Plus Sport Turismo,Available since March 2022,"€95,074","€99,943","£80,549",83.7,5.4 sec,230 km/h,445 km,188 Wh/km,1090 km/h,,4
38,Mercedes EQE 350,Available since July 2022,N/A,"€83,238","£77,345",89,6.4 sec,210 km/h,510 km,175 Wh/km,640 km/h,750,5
37,Opel Vivaro-e Combi M 50 kWh,Available since October 2020,"€50,992","€48,108","£37,320",46.3,12.1 sec,130 km/h,185 km,250 Wh/km,290 km/h,1000,9
36,Peugeot e-Traveller Long 75 kWh,Available since February 2021,"€60,430","€68,378",N/A,68,14.3 sec,130 km/h,260 km,262 Wh/km,280 km/h,1000,9
35,Mercedes EQE SUV AMG 43 4MATIC,Available since December 2022,"€124,920","€130,791",N/A,90.6,4.3 sec,210 km/h,435 km,208 Wh/km,650 km/h,1800,5
34,Citroen e-SpaceTourer M 75 kWh,Available since February 2021,"€59,640","€66,097",N/A,68,13.3 sec,130 km/h,265 km,257 Wh/km,290 km/h,1000,9
33,Opel Zafira-e Life M 50 kWh,Available since November 2020,"€63,250","€57,183","£50,630",46.3,12.1 sec,130 km/h,185 km,250 Wh/km,290 km/h,1000,9
32,Citroen e-Jumpy Combi XL 75 kWh,Available since November 2020,"€58,730","€58,958",N/A,68,13.3 sec,130 km/h,260 km,262 Wh/km,280 km/h,1000,9
31,Porsche Taycan Sport Turismo,Available since March 2022,"€89,351","€93,899","£76,500",71,5.4 sec,230 km/h,380 km,187 Wh/km,930 km/h,,4
30,VinFast VF 8 Eco Standard Range,Expected from June 2023,"€61,700",N/A,N/A,82,5.9 sec,200 km/h,405 km,202 Wh/km,560 km/h,,5
29,Opel Zafira-e Life L 50 kWh,Available since November 2020,"€64,075","€59,119","£50,990",46.3,12.1 sec,130 km/h,180 km,257 Wh/km,290 km/h,1000,9
28,Mercedes EQE AMG 43 4MATIC,Available since May 2023,"€104,756",N/A,N/A,90.6,4.2 sec,210 km/h,465 km,195 Wh/km,690 km/h,750,5
27,Fiat 500e Cabrio 24 kWh,Available since July 2022,"€35,490","€31,990",N/A,21.3,9.0 sec,135 km/h,135 km,158 Wh/km,230 km/h,,4
26,Citroen e-SpaceTourer XL 50 kWh,Available since November 2020,"€54,430","€59,019","£48,335",46.3,12.1 sec,130 km/h,180 km,257 Wh/km,290 km/h,1000,9
25,Porsche Taycan Turbo Sport Turismo,Available since March 2022,"€157,300","€163,300","£120,900",83.7,3.2 sec,260 km/h,405 km,207 Wh/km,1000 km/h,,4
24,Porsche Taycan Turbo Cross Turismo,Available since July 2021,"€157,776","€163,900","£120,900",83.7,3.3 sec,250 km/h,395 km,212 Wh/km,970 km/h,,4
23,Mercedes eVito Tourer Long 60 kWh,Available since January 2022,"€60,678","€62,357",N/A,60,12.0 sec,160 km/h,210 km,286 Wh/km,310 km/h,,9
22,Fiat E-Ulysse L2 50 kWh,Available since June 2022,"€55,990",N/A,N/A,46.3,12.1 sec,130 km/h,185 km,250 Wh/km,290 km/h,1000,8
21,Citroen e-Jumpy Combi M 50 kWh,Available since November 2020,"€51,940","€48,008","£35,795",46.3,12.1 sec,130 km/h,185 km,250 Wh/km,290 km/h,1000,9
20,Toyota PROACE Shuttle M 50 kWh,Available since June 2021,N/A,"€58,895",N/A,46.3,12.1 sec,130 km/h,185 km,250 Wh/km,290 km/h,1000,9
19,Toyota PROACE Shuttle L 50 kWh,Available since June 2021,N/A,"€68,595",N/A,46.3,12.1 sec,130 km/h,180 km,257 Wh/km,290 km/h,1000,9
18,Porsche Taycan 4S Plus Sport Turismo,Available since March 2022,"€115,341","€120,031","£91,406",83.7,4.0 sec,250 km/h,430 km,195 Wh/km,1060 km/h,,4
17,Citroen e-SpaceTourer XL 75 kWh,Available since February 2021,"€60,430","€68,033",N/A,68,13.3 sec,130 km/h,260 km,262 Wh/km,280 km/h,1000,9
16,Peugeot e-Traveller Long 50 kWh,Available since November 2020,"€54,430","€59,364","£54,275",46.3,13.1 sec,130 km/h,185 km,250 Wh/km,290 km/h,1000,9
15,Mercedes EQV 250 Long,Available since October 2021,"€68,056",N/A,N/A,60,12.0 sec,160 km/h,210 km,286 Wh/km,200 km/h,,7
14,Opel Zafira-e Life M 75 kWh,Available since February 2021,"€69,250","€66,198",N/A,68,13.3 sec,130 km/h,265 km,257 Wh/km,290 km/h,1000,9
13,Opel Vivaro-e Combi L 50 kWh,Available since October 2020,"€51,825","€50,044","£37,520",46.3,12.1 sec,130 km/h,180 km,257 Wh/km,290 km/h,1000,9
12,VinFast VF 8 Plus Extended Range,Expected from June 2023,"€72,500","€59,790",N/A,87.7,5.5 sec,200 km/h,425 km,206 Wh/km,550 km/h,,5
11,Citroen e-Jumpy Combi XL 50 kWh,Available since November 2020,"€52,730","€49,944","£35,995",46.3,12.1 sec,130 km/h,180 km,257 Wh/km,290 km/h,1000,9
10,Toyota PROACE Shuttle L 75 kWh,Available since June 2021,N/A,"€69,795",N/A,68,13.1 sec,130 km/h,260 km,262 Wh/km,280 km/h,1000,9
9,Peugeot e-Expert Combi Long 50 kWh,Available since February 2021,"€52,730","€50,289",N/A,46.3,13.1 sec,130 km/h,185 km,250 Wh/km,290 km/h,1000,9
8,Fiat E-Ulysse L3 50 kWh,Available since June 2022,"€56,990",N/A,N/A,46.3,12.1 sec,130 km/h,180 km,257 Wh/km,290 km/h,1000,8
7,Fiat E-Ulysse L2 75 kWh,Available since June 2022,"€61,990",N/A,N/A,68,13.3 sec,130 km/h,265 km,257 Wh/km,290 km/h,1000,8
6,Porsche Taycan 4S Sport Turismo,Available since March 2022,"€109,819","€114,200","£87,500",71,4.0 sec,250 km/h,370 km,192 Wh/km,910 km/h,,4
5,Peugeot e-Expert Combi Standard 50 kWh,Available since February 2021,"€51,940","€48,353",N/A,46.3,13.1 sec,130 km/h,185 km,250 Wh/km,290 km/h,1000,9
4,Mercedes eVito Tourer Extra-Long 60 kWh,Available since January 2022,"€61,571","€63,555",N/A,60,12.0 sec,160 km/h,205 km,293 Wh/km,300 km/h,,9
3,Peugeot e-Traveller Standard 75 kWh,Available since February 2021,"€59,640","€66,442",N/A,68,14.3 sec,130 km/h,265 km,257 Wh/km,290 km/h,1000,9
2,Mercedes EQV 250 Extra-Long,Available since October 2021,"€68,949",N/A,N/A,60,12.0 sec,160 km/h,210 km,286 Wh/km,200 km/h,,7
1,Opel Vivaro-e Combi L 75 kWh,Available since October 2020,"€57,775","€59,059",N/A,68,13.3 sec,130 km/h,260 km,262 Wh/km,280 km/h,1000,9
0,Jeep Avenger Electric 1st Edition,Available since January 2023,"€39,900",N/A,N/A,50.8,9.0 sec,150 km/h,295 km,172 Wh/km,470 km/h,,5
